published_at,title,LLM_Sentiment,LLM_Market_Impact,LLM_AI_Demand,LLM_Regulatory_Risk,LLM_Earnings_Outlook,LLM_Supply_Chain_Risk,LLM_Competition_Risk,LLM_Confidence
2026-08-11T16:11:30Z,Intel's huge rally is helping pay for its AI comeback,-1.0,-1.0,0.0,0.0,0.0,0.0,0.0,0.0
2026-08-11T13:00:00Z,Put options explained: How trading puts pays off and when it doesn't,-1.0,0.0,0.0,0.0,0.0,0.0,0.0,0.0
2026-08-12T05:39:01Z,Curaleaf Just Announced a Hostile Takeover Bid for Aurora Cannabis. Here’s What This Means for Investors.,-1.0,0.0,0.0,0.0,0.0,0.0,0.0,0.0
2026-08-12T05:33:16Z,Dow Jones Futures: 3 Nvidia Partners Lead Earnings Movers; CPI Inflation Data Due,-1.0,-1.0,0.0,0.0,0.0,0.0,0.0,0.0
2026-08-12T05:20:00Z,Software-as-a-Service (SaaS) Companies Are Making a Comeback. Here's the Exact SaaS Stock I Recommend Buying Right Now.,-1.0,0.0,0.0,0.0,0.0,0.0,0.0,0.0
2026-08-12T04:34:18Z,NVIDIA to Report Q2 Earnings Later in August—Crypto Prediction Market Wagers on NVDA Closing Above $250 by Month-End,-1.0,0.0,0.0,0.0,0.0,0.0,0.0,0.0
2026-08-12T03:07:00Z,BofA sends strong message on Nvidia's weak spot,-1.0,0.0,0.0,0.0,0.0,0.0,0.0,0.0
2026-08-12T03:01:00Z,Nvidia's $500 Billion Financing Plan Is 20 Times What the Telecom Bubble Ran On,0.0,0.0,0.0,0.0,0.0,0.0,0.0,0.0
2026-08-12T02:52:18Z,Boomers Are Getting Rich and Retiring Early. 1 No-Brainer Stock To Buy Now,0.0,0.0,0.0,0.0,0.0,0.0,0.0,0.0
2026-08-12T02:25:00Z,Want to Read the Market Like Cramer? Ask These 3 Questions,-1.0,-1.0,0.0,0.0,0.0,0.0,0.0,0.0
