ticker,published_at,title,url,text
NVDA,2026-08-09T12:30:00Z,How AI agents can power the S&P 500 higher,https://finance.yahoo.com/markets/article/how-ai-agents-can-power-the-sp-500-higher-123000201.html,"NVIDIA News

Title: How AI agents can power the S&P 500 higher

Summary: AI agents are only getting more powerful.

Published: 2026-08-09T12:30:00Z"
NVDA,2026-08-09T11:35:29Z,'Very little to like': Wall Street assesses surprise July jobs report as stocks jump,https://finance.yahoo.com/markets/article/very-little-to-like-wall-street-assesses-surprise-july-jobs-report-as-stocks-jump-113529334.html,"NVIDIA News

Title: 'Very little to like': Wall Street assesses surprise July jobs report as stocks jump

Summary: The latest monthly jobs report could take the pressure off the Fed to hike rates.

Published: 2026-08-09T11:35:29Z"
NVDA,2026-08-10T05:35:00Z,New Fed Chair Kevin Warsh Has Refused to Give Forward Guidance for 2 Straight Meetings. Here's Why That Should Worry Markets.,https://www.fool.com/investing/2026/08/10/new-fed-chair-kevin-warsh-has-refused-to-give-forw/,"NVIDIA News

Title: New Fed Chair Kevin Warsh Has Refused to Give Forward Guidance for 2 Straight Meetings. Here's Why That Should Worry Markets.

Summary: The results could be a disaster for stock market investors.

Published: 2026-08-10T05:35:00Z"
NVDA,2026-08-10T05:05:00Z,Forget Chips: AI Is Now a Power Trade. These 2 Dividend-Paying Industrials Prove It.,https://www.fool.com/investing/2026/08/10/forget-chips-ai-is-now-a-power-trade-these-2-divid/,"NVIDIA News

Title: Forget Chips: AI Is Now a Power Trade. These 2 Dividend-Paying Industrials Prove It.

Summary: NextEra Energy and OneOK are supplying power to boost the growth of AI data centers and deliver above-average dividends.

Published: 2026-08-10T05:05:00Z"
NVDA,2026-08-10T05:00:00Z,"Nvidia, Eli Lilly, and Disney Show It’s Time to Back the Top Dogs",https://www.barrons.com/articles/nvidia-stock-eli-lilly-disney-0133194f?siteid=yhoof2&yptr=yahoo,"NVIDIA News

Title: Nvidia, Eli Lilly, and Disney Show It’s Time to Back the Top Dogs

Summary: Investors are still skittish enough that they only want to buy proven winners, so backing the favorite is a smart strategy right now.

Published: 2026-08-10T05:00:00Z"
NVDA,2026-08-10T04:24:24Z,"Dow Jones Futures Fall After Market Ramps Up; Cisco, Lumentum Earnings Ahead",https://www.investors.com/market-trend/stock-market-today/dow-jones-futures-warren-buffett-cisco-lumentum-earnings/?src=A00220&yptr=yahoo,"NVIDIA News

Title: Dow Jones Futures Fall After Market Ramps Up; Cisco, Lumentum Earnings Ahead

Summary: With bulls back in charge, here's what investors should do. Warren Buffett's Berkshire beat views Saturday. Lumentum, Cisco. Applied Materials earnings are on tap..

Published: 2026-08-10T04:24:24Z"
NVDA,2026-08-10T04:20:00Z,SpaceX Stock Is Slumping: Is Now the Time to Buy or Hold Off?,https://www.fool.com/investing/2026/08/10/spacex-stock-is-slumping-is-now-the-time-to-buy-or/,"NVIDIA News

Title: SpaceX Stock Is Slumping: Is Now the Time to Buy or Hold Off?

Summary: SpaceX still trades at a premium valuation compared to the market.

Published: 2026-08-10T04:20:00Z"
NVDA,2026-08-10T04:15:47Z,Why Palantir Stock Skyrocketed This Past Week,https://www.fool.com/investing/2026/08/09/why-palantir-stock-skyrocketed-this-past-week/,"NVIDIA News

Title: Why Palantir Stock Skyrocketed This Past Week

Summary: CEO Alex Karp said the AI titan delivered an ""otherworldly"" performance in the second quarter.

Published: 2026-08-10T04:15:47Z"
NVDA,2026-08-10T03:43:00Z,US Export Control Meant to Cripple China’s AI. But They Created Its Most Valuable Company,https://beincrypto.com/us-chip-export-controls-cxmt-china-ai/,"NVIDIA News

Title: US Export Control Meant to Cripple China’s AI. But They Created Its Most Valuable Company

Summary: US chip export controls were meant to weaken China's AI. CXMT's 466% debut shows the strategy may have backfired.

Published: 2026-08-10T03:43:00Z"
NVDA,2026-08-10T03:20:00Z,Solana Could Boost Its Token Burns by 14X. Would That Make It a Better Buy?,https://www.fool.com/investing/2026/08/09/solana-could-boost-its-token-burns-by-14x-would-th/,"NVIDIA News

Title: Solana Could Boost Its Token Burns by 14X. Would That Make It a Better Buy?

Summary: Burning more coins would tamp down supply inflation, but it might not be enough.

Published: 2026-08-10T03:20:00Z"
