title,summary,published_at,url,raw_json
Intel's huge rally is helping pay for its AI comeback,"In today's Chart of the Day, Yahoo Finance Markets & Data Editor Jared Blikre dives into Intel's (INTC) rally and how the chipmaker’s surging stock price saved the company millions as it prepares to issue $20 billion in new common stock.",2026-08-11T16:11:30Z,https://finance.yahoo.com/video/intels-huge-rally-helping-pay-161130430.html,"{""id"": ""fe6e5f58-1604-448f-ab51-cce440c9e0ee"", ""content"": {""id"": ""fe6e5f58-1604-448f-ab51-cce440c9e0ee"", ""contentType"": ""VIDEO"", ""title"": ""Intel's huge rally is helping pay for its AI comeback"", ""description"": ""<p>In today's Chart of the Day, Yahoo Finance Markets & Data Editor Jared Blikre dives into Intel's (<a target=\""_blank\"" rel=\""\"" class=\""link\"" href=\""https://finance.yahoo.com/quote/INTC/\"" data-i13n=\""cpos:1;pos:1\"">INTC</a>) rally and how the chipmaker\u2019s surging stock price saved the company millions as it prepares to issue $20 billion in new common stock.</p>"", ""summary"": ""In today's Chart of the Day, Yahoo Finance Markets & Data Editor Jared Blikre dives into Intel's (INTC) rally and how the chipmaker\u2019s surging stock price saved the company millions as it prepares to issue $20 billion in new common stock."", ""pubDate"": ""2026-08-11T16:11:30Z"", ""displayTime"": """", ""isHosted"": true, ""bypassModal"": false, ""previewUrl"": null, ""thumbnail"": {""originalUrl"": ""https://s.yimg.com/os/creatr-images/2020-01/60c49a50-3047-11ea-947f-16712b748ca2"", ""originalWidth"": 4841, ""originalHeight"": 3227, ""caption"": """", ""resolutions"": [{""url"": ""https://s.yimg.com/uu/api/res/1.2/tObyYDohaqHMOz.5YBQr7g--~B/aD0zMjI3O3c9NDg0MTthcHBpZD15dGFjaHlvbg--/https://media-mbst-pub-ue1.s3.amazonaws.com/creatr-images/2020-01/60c49a50-3047-11ea-947f-16712b748ca2"", ""width"": 4841, ""height"": 3227, ""tag"": ""original""}, {""url"": ""https://s.yimg.com/uu/api/res/1.2/khUeOAOjO5fppOYp5mLpiQ--~B/Zmk9c3RyaW07aD0xMjg7dz0xNzA7YXBwaWQ9eXRhY2h5b24-/https://media-mbst-pub-ue1.s3.amazonaws.com/creatr-images/2020-01/60c49a50-3047-11ea-947f-16712b748ca2"", ""width"": 170, ""height"": 128, ""tag"": ""170x128""}]}, ""provider"": {""displayName"": ""Yahoo Finance Video"", ""url"": ""https://finance.yahoo.com/"", ""sourceId"": ""video.yahoofinance.com""}, ""canonicalUrl"": {""url"": ""https://finance.yahoo.com/video/intels-huge-rally-helping-pay-161130430.html"", ""site"": ""finance"", ""region"": ""US"", ""lang"": ""en-US""}, ""clickThroughUrl"": {""url"": ""https://finance.yahoo.com/video/intels-huge-rally-helping-pay-161130430.html"", ""site"": ""finance"", ""region"": ""US"", ""lang"": ""en-US""}, ""metadata"": {""editorsPick"": true}, ""finance"": {""premiumFinance"": {""isPremiumNews"": false, ""isPremiumFreeNews"": false}}, ""storyline"": {""storylineItems"": [{""content"": {""id"": ""d4bf5747-6fc6-4959-bc24-f98363b05431"", ""contentType"": ""VIDEO"", ""isHosted"": true, ""title"": ""Why this week's CoreWeave earnings are so important for markets"", ""thumbnail"": {""originalUrl"": ""https://s.yimg.com/uu/api/res/1.2/.T7vk9Mqx3o7ylm76S7f2A--~B/aD0xNjg3O3c9MzAwMDthcHBpZD15dGFjaHlvbg--/https://d29szjachogqwa.cloudfront.net/images/user-uploaded/544cc799-bdd6-4cfe-9760-83ea9123660c_938df5ead051c1f90f3dd15a477b2088608bff4e8419df3284b17abaf3933c93.jpg"", ""originalWidth"": 3000, ""originalHeight"": 1687, ""caption"": """", ""resolutions"": null}, ""provider"": {""displayName"": ""Yahoo Finance Video"", ""sourceId"": ""video.yahoofinance.com""}, ""previewUrl"": null, ""providerContentUrl"": """", ""canonicalUrl"": {""url"": ""https://finance.yahoo.com/video/why-weeks-coreweave-earnings-important-142211249.html""}, ""clickThroughUrl"": {""url"": ""https://finance.yahoo.com/video/why-weeks-coreweave-earnings-important-142211249.html""}}}, {""content"": {""id"": ""19ce6ac1-d4fa-49ed-bace-69ab64d8304f"", ""contentType"": ""VIDEO"", ""isHosted"": true, ""title"": ""Nvidia is becoming the \u2018central bank of AI\u2019 as demand explodes"", ""thumbnail"": {""originalUrl"": ""https://s.yimg.com/os/creatr-uploaded-images/2026-08/11735c30-91bf-11f1-b7f2-8ded4782cfdd"", ""originalWidth"": 6400, ""originalHeight"": 4264, ""caption"": """", ""resolutions"": null}, ""provider"": {""displayName"": ""Yahoo Finance Video"", ""sourceId"": ""video.yahoofinance.com""}, ""previewUrl"": null, ""providerContentUrl"": """", ""canonicalUrl"": {""url"": ""https://finance.yahoo.com/video/nvidia-becoming-central-bank-ai-141700463.html""}, ""clickThroughUrl"": {""url"": ""https://finance.yahoo.com/video/nvidia-becoming-central-bank-ai-141700463.html""}}}]}}}"
Put options explained: How trading puts pays off and when it doesn't,"See how one Nvidia put option plays out for buyer and seller, from a real quote through potential outcomes at expiration, including the cost and breakeven for each side.",2026-08-11T13:00:00Z,https://finance.yahoo.com/personal-finance/investing/article/put-option-130000345.html,"{""id"": ""7be92597-60d5-4ecb-b544-b219e2bfc2c1"", ""content"": {""id"": ""7be92597-60d5-4ecb-b544-b219e2bfc2c1"", ""contentType"": ""STORY"", ""title"": ""Put options explained: How trading puts pays off and when it doesn't"", ""description"": """", ""summary"": ""See how one Nvidia put option plays out for buyer and seller, from a real quote through potential outcomes at expiration, including the cost and breakeven for each side."", ""pubDate"": ""2026-08-11T13:00:00Z"", ""displayTime"": ""2026-08-11T13:00:00Z"", ""isHosted"": true, ""bypassModal"": true, ""previewUrl"": null, ""thumbnail"": {""originalUrl"": ""https://s.yimg.com/uu/api/res/1.2/f6Uwb5dgghnr.W6qb8EjnQ--~B/aD02MzM2O3c9OTUwNDthcHBpZD15dGFjaHlvbg--/https://d29szjachogqwa.cloudfront.net/images/2026-01/23725bcf-4195-4e72-ab79-7b56df1ef8fa"", ""originalWidth"": 9504, ""originalHeight"": 6336, ""caption"": """", ""resolutions"": [{""url"": ""https://s.yimg.com/uu/api/res/1.2/f6Uwb5dgghnr.W6qb8EjnQ--~B/aD02MzM2O3c9OTUwNDthcHBpZD15dGFjaHlvbg--/https://d29szjachogqwa.cloudfront.net/images/2026-01/23725bcf-4195-4e72-ab79-7b56df1ef8fa"", ""width"": 9504, ""height"": 6336, ""tag"": ""original""}, {""url"": ""https://s.yimg.com/uu/api/res/1.2/p1Sp1joyOZYr.6v96Sb.rw--~B/Zmk9c3RyaW07aD0xMjg7dz0xNzA7YXBwaWQ9eXRhY2h5b24-/https://d29szjachogqwa.cloudfront.net/images/2026-01/23725bcf-4195-4e72-ab79-7b56df1ef8fa"", ""width"": 170, ""height"": 128, ""tag"": ""170x128""}]}, ""provider"": {""displayName"": ""Yahoo Personal Finance"", ""url"": ""https://finance.yahoo.com/"", ""sourceId"": ""yahoo_personal_finance_397""}, ""canonicalUrl"": {""url"": ""https://finance.yahoo.com/personal-finance/investing/article/put-option-130000345.html"", ""site"": ""finance"", ""region"": ""US"", ""lang"": ""en-US""}, ""clickThroughUrl"": {""url"": ""https://finance.yahoo.com/personal-finance/investing/article/put-option-130000345.html"", ""site"": ""finance"", ""region"": ""US"", ""lang"": ""en-US""}, ""metadata"": {""editorsPick"": true}, ""finance"": {""premiumFinance"": {""isPremiumNews"": false, ""isPremiumFreeNews"": false}}, ""storyline"": null}}"
Curaleaf Just Announced a Hostile Takeover Bid for Aurora Cannabis. Here’s What This Means for Investors.,It's appealing directly to the Canadian company's shareholders with a cash-and-stock offer.,2026-08-12T05:39:01Z,https://www.fool.com/investing/2026/08/12/curaleaf-just-announced-a-hostile-takeover-bid-for-aurora-cannabis-heres-what-this-means-for-investors/,"{""id"": ""b08d8ef0-90c2-3f12-b221-1c9225c88609"", ""content"": {""id"": ""b08d8ef0-90c2-3f12-b221-1c9225c88609"", ""contentType"": ""STORY"", ""title"": ""Curaleaf Just Announced a Hostile Takeover Bid for Aurora Cannabis. Here\u2019s What This Means for Investors."", ""description"": """", ""summary"": ""It's appealing directly to the Canadian company's shareholders with a cash-and-stock offer."", ""pubDate"": ""2026-08-12T05:39:01Z"", ""displayTime"": ""2026-08-12T05:39:01Z"", ""isHosted"": true, ""bypassModal"": false, ""previewUrl"": null, ""thumbnail"": {""originalUrl"": ""https://media.zenfs.com/en/motleyfool.com/b335fba3b3d357aa959921dd8113c7e2.jpg"", ""originalWidth"": 1400, ""originalHeight"": 933, ""caption"": ""Person in lab gear working with marijuana plants."", ""resolutions"": [{""url"": ""https://s.yimg.com/uu/api/res/1.2/C2cixq3FaqD8b7978pyd0g--~B/aD05MzM7dz0xNDAwO2FwcGlkPXl0YWNoeW9u/https://media.zenfs.com/en/motleyfool.com/b335fba3b3d357aa959921dd8113c7e2.jpg"", ""width"": 1400, ""height"": 933, ""tag"": ""original""}, {""url"": ""https://s.yimg.com/uu/api/res/1.2/JxJdpp4Th1SehPEbb_OKdQ--~B/Zmk9c3RyaW07aD0xMjg7dz0xNzA7YXBwaWQ9eXRhY2h5b24-/https://media.zenfs.com/en/motleyfool.com/b335fba3b3d357aa959921dd8113c7e2.jpg"", ""width"": 170, ""height"": 128, ""tag"": ""170x128""}]}, ""provider"": {""displayName"": ""Motley Fool"", ""url"": ""http://www.fool.com/"", ""sourceId"": ""motleyfool.com""}, ""canonicalUrl"": {""url"": ""https://www.fool.com/investing/2026/08/12/curaleaf-just-announced-a-hostile-takeover-bid-for-aurora-cannabis-heres-what-this-means-for-investors/"", ""site"": ""finance"", ""region"": ""US"", ""lang"": ""en-US""}, ""clickThroughUrl"": {""url"": ""https://finance.yahoo.com/markets/stocks/articles/curaleaf-just-announced-hostile-takeover-053901673.html"", ""site"": ""finance"", ""region"": ""US"", ""lang"": ""en-US""}, ""metadata"": {""editorsPick"": false}, ""finance"": {""premiumFinance"": {""isPremiumNews"": false, ""isPremiumFreeNews"": false}}, ""storyline"": null}}"
Dow Jones Futures: 3 Nvidia Partners Lead Earnings Movers; CPI Inflation Data Due,"The major market indexes pulled back amid higher oil prices and upcoming CPI inflation data. Nvidia partners Lumentum, CoreWeave, Super Micro reported late.",2026-08-12T05:33:16Z,https://www.investors.com/market-trend/stock-market-today/dow-jones-futures-cpi-inflation-nvidia-partners-super-micro-earnings/?src=A00220&yptr=yahoo,"{""id"": ""7170c7f6-3bd3-35bf-bee2-a691a7f3afbd"", ""content"": {""id"": ""7170c7f6-3bd3-35bf-bee2-a691a7f3afbd"", ""contentType"": ""STORY"", ""title"": ""Dow Jones Futures: 3 Nvidia Partners Lead Earnings Movers; CPI Inflation Data Due"", ""description"": """", ""summary"": ""The major market indexes pulled back amid higher oil prices and upcoming CPI inflation data. Nvidia partners Lumentum, CoreWeave, Super Micro reported late."", ""pubDate"": ""2026-08-12T05:33:16Z"", ""displayTime"": ""2026-08-12T05:33:16Z"", ""isHosted"": false, ""bypassModal"": false, ""previewUrl"": ""https://finance.yahoo.com/m/7170c7f6-3bd3-35bf-bee2-a691a7f3afbd/dow-jones-futures-3-nvidia.html"", ""thumbnail"": {""originalUrl"": ""https://media.zenfs.com/en/ibd.com/900ebd097ac67cb752ad0a04001cac81.jpg"", ""originalWidth"": 720, ""originalHeight"": 406, ""caption"": """", ""resolutions"": [{""url"": ""https://s.yimg.com/uu/api/res/1.2/jx2vdiWZ1VGAzG8FgIJ1fQ--~B/aD00MDY7dz03MjA7YXBwaWQ9eXRhY2h5b24-/https://media.zenfs.com/en/ibd.com/900ebd097ac67cb752ad0a04001cac81.jpg"", ""width"": 720, ""height"": 406, ""tag"": ""original""}, {""url"": ""https://s.yimg.com/uu/api/res/1.2/oDsgQVzOqhryPrDK2wGQ3Q--~B/Zmk9c3RyaW07aD0xMjg7dz0xNzA7YXBwaWQ9eXRhY2h5b24-/https://media.zenfs.com/en/ibd.com/900ebd097ac67cb752ad0a04001cac81.jpg"", ""width"": 170, ""height"": 128, ""tag"": ""170x128""}]}, ""provider"": {""displayName"": ""Investor's Business Daily"", ""url"": ""http://www.investors.com/"", ""sourceId"": ""ibd.com""}, ""canonicalUrl"": {""url"": ""https://www.investors.com/market-trend/stock-market-today/dow-jones-futures-cpi-inflation-nvidia-partners-super-micro-earnings/?src=A00220&yptr=yahoo"", ""site"": ""finance"", ""region"": ""US"", ""lang"": ""en-US""}, ""clickThroughUrl"": null, ""metadata"": {""editorsPick"": false}, ""finance"": {""premiumFinance"": {""isPremiumNews"": false, ""isPremiumFreeNews"": false}}, ""storyline"": null}}"
Software-as-a-Service (SaaS) Companies Are Making a Comeback. Here's the Exact SaaS Stock I Recommend Buying Right Now.,"It's growing fast, it's poised to succeed, and the price is right.",2026-08-12T05:20:00Z,https://www.fool.com/investing/2026/08/12/software-as-a-service-saas-companies-are-making-a/,"{""id"": ""2bd9d0f2-5051-3ac2-a2bf-b17bcf42eb42"", ""content"": {""id"": ""2bd9d0f2-5051-3ac2-a2bf-b17bcf42eb42"", ""contentType"": ""STORY"", ""title"": ""Software-as-a-Service (SaaS) Companies Are Making a Comeback. Here's the Exact SaaS Stock I Recommend Buying Right Now."", ""description"": """", ""summary"": ""It's growing fast, it's poised to succeed, and the price is right."", ""pubDate"": ""2026-08-12T05:20:00Z"", ""displayTime"": ""2026-08-12T05:20:00Z"", ""isHosted"": true, ""bypassModal"": false, ""previewUrl"": null, ""thumbnail"": {""originalUrl"": ""https://media.zenfs.com/en/motleyfool.com/2c0751e018391c569cbe5465a9bf8d10.png"", ""originalWidth"": 720, ""originalHeight"": 473, ""caption"": ""PLTR PE Ratio (Forward 1y) Chart"", ""resolutions"": [{""url"": ""https://s.yimg.com/uu/api/res/1.2/Bzqmbb3bLeGy57ellbB1MQ--~B/aD00NzM7dz03MjA7YXBwaWQ9eXRhY2h5b24-/https://media.zenfs.com/en/motleyfool.com/2c0751e018391c569cbe5465a9bf8d10.png"", ""width"": 720, ""height"": 473, ""tag"": ""original""}, {""url"": ""https://s.yimg.com/uu/api/res/1.2/LehyIbcakMHDJfvVwjKXBg--~B/Zmk9c3RyaW07aD0xMjg7dz0xNzA7YXBwaWQ9eXRhY2h5b24-/https://media.zenfs.com/en/motleyfool.com/2c0751e018391c569cbe5465a9bf8d10.png"", ""width"": 170, ""height"": 128, ""tag"": ""170x128""}]}, ""provider"": {""displayName"": ""Motley Fool"", ""url"": ""http://www.fool.com/"", ""sourceId"": ""motleyfool.com""}, ""canonicalUrl"": {""url"": ""https://www.fool.com/investing/2026/08/12/software-as-a-service-saas-companies-are-making-a/"", ""site"": ""finance"", ""region"": ""US"", ""lang"": ""en-US""}, ""clickThroughUrl"": {""url"": ""https://finance.yahoo.com/markets/stocks/articles/software-saas-companies-making-comeback-052000850.html"", ""site"": ""finance"", ""region"": ""US"", ""lang"": ""en-US""}, ""metadata"": {""editorsPick"": false}, ""finance"": {""premiumFinance"": {""isPremiumNews"": false, ""isPremiumFreeNews"": false}}, ""storyline"": null}}"
NVIDIA to Report Q2 Earnings Later in August—Crypto Prediction Market Wagers on NVDA Closing Above $250 by Month-End,"Even as NVIDIA Corp.’s (NASDAQ:NVDA) shares surge in August, cryptocurrency punters remain skeptical that the stock will finish the month at or above $250. Polymarket Wagers on NVDA The betting crowd on Polygon (CRYPTO: POL)-based Polymarket currently assigns only a...",2026-08-12T04:34:18Z,https://www.benzinga.com/crypto/cryptocurrency/26/08/61132379/nvidia-q2-earnings-august-2026-nvda-250-prediction-market?utm_source=yahooFinance&utm_campaign=partner_feed&utm_medium=referral,"{""id"": ""10956f79-e62d-3881-9910-163733a9d4da"", ""content"": {""id"": ""10956f79-e62d-3881-9910-163733a9d4da"", ""contentType"": ""STORY"", ""title"": ""NVIDIA to Report Q2 Earnings Later in August\u2014Crypto Prediction Market Wagers on NVDA Closing Above $250 by Month-End"", ""description"": """", ""summary"": ""Even as NVIDIA Corp.\u2019s (NASDAQ:NVDA) shares surge in August, cryptocurrency punters remain skeptical that the stock will finish the month at or above $250. Polymarket Wagers on NVDA The betting crowd on Polygon (CRYPTO: POL)-based Polymarket currently assigns only a..."", ""pubDate"": ""2026-08-12T04:34:18Z"", ""displayTime"": ""2026-08-12T04:34:18Z"", ""isHosted"": true, ""bypassModal"": false, ""previewUrl"": null, ""thumbnail"": {""originalUrl"": ""https://media.zenfs.com/en/benzinga_prediction_markets_613/c70f14b2d85f1f6a8481149984290730.jpg"", ""originalWidth"": 683, ""originalHeight"": 720, ""caption"": ""NVIDIA to Report Q2 Earnings Later in August\u2014Crypto Prediction Market Wagers on NVDA Closing Above $250 by Month-End"", ""resolutions"": [{""url"": ""https://s.yimg.com/uu/api/res/1.2/ooMNtzIEVXVm4j8M4U3cKw--~B/aD03MjA7dz02ODM7YXBwaWQ9eXRhY2h5b24-/https://media.zenfs.com/en/benzinga_prediction_markets_613/c70f14b2d85f1f6a8481149984290730.jpg"", ""width"": 683, ""height"": 720, ""tag"": ""original""}, {""url"": ""https://s.yimg.com/uu/api/res/1.2/vQCLYJ79no1DBeSXAMnn0w--~B/Zmk9c3RyaW07aD0xMjg7dz0xNzA7YXBwaWQ9eXRhY2h5b24-/https://media.zenfs.com/en/benzinga_prediction_markets_613/c70f14b2d85f1f6a8481149984290730.jpg"", ""width"": 170, ""height"": 128, ""tag"": ""170x128""}]}, ""provider"": {""displayName"": ""Benzinga Prediction Markets"", ""url"": ""https://www.benzinga.com/"", ""sourceId"": ""benzinga_prediction_markets_613""}, ""canonicalUrl"": {""url"": ""https://www.benzinga.com/crypto/cryptocurrency/26/08/61132379/nvidia-q2-earnings-august-2026-nvda-250-prediction-market?utm_source=yahooFinance&utm_campaign=partner_feed&utm_medium=referral"", ""site"": ""finance"", ""region"": ""US"", ""lang"": ""en-US""}, ""clickThroughUrl"": {""url"": ""https://finance.yahoo.com/markets/stocks/articles/nvidia-report-q2-earnings-later-043418338.html"", ""site"": ""finance"", ""region"": ""US"", ""lang"": ""en-US""}, ""metadata"": {""editorsPick"": false}, ""finance"": {""premiumFinance"": {""isPremiumNews"": false, ""isPremiumFreeNews"": false}}, ""storyline"": null}}"
BofA sends strong message on Nvidia's weak spot,"Nvidia (NVDA) stock investors have spent months worrying that the relentless AI boom is leaning too heavily on the chipmaker’s own balance sheet. The AI giant sells the GPUs, but it was also investing in clients and supporting financing structures linked to the same ecosystem, scooping up those ...",2026-08-12T03:07:00Z,https://www.thestreet.com/investing/bofa-says-nvidia-500-billion-plan-eases-financing-risk,"{""id"": ""4ccd16e1-0058-3a0e-b33a-03784d42cb87"", ""content"": {""id"": ""4ccd16e1-0058-3a0e-b33a-03784d42cb87"", ""contentType"": ""STORY"", ""title"": ""BofA sends strong message on Nvidia's weak spot"", ""description"": """", ""summary"": ""Nvidia (NVDA) stock investors have spent months worrying that the relentless AI boom is leaning too heavily on the chipmaker\u2019s own balance sheet. The AI giant sells the GPUs, but it was also investing in clients and supporting financing structures linked to the same ecosystem, scooping up those ..."", ""pubDate"": ""2026-08-12T03:07:00Z"", ""displayTime"": ""2026-08-12T03:07:00Z"", ""isHosted"": true, ""bypassModal"": false, ""previewUrl"": null, ""thumbnail"": {""originalUrl"": ""https://media.zenfs.com/en/thestreet_881/53d408630521456580de1ef8a3adf4f6.jpg"", ""originalWidth"": 3840, ""originalHeight"": 2559, ""caption"": """", ""resolutions"": [{""url"": ""https://s.yimg.com/uu/api/res/1.2/BNuZlODJ3rfUJuGp9i9p2Q--~B/aD0yNTU5O3c9Mzg0MDthcHBpZD15dGFjaHlvbg--/https://media.zenfs.com/en/thestreet_881/53d408630521456580de1ef8a3adf4f6.jpg"", ""width"": 3840, ""height"": 2559, ""tag"": ""original""}, {""url"": ""https://s.yimg.com/uu/api/res/1.2/G_XxvwaURitr7_bh1hXvbQ--~B/Zmk9c3RyaW07aD0xMjg7dz0xNzA7YXBwaWQ9eXRhY2h5b24-/https://media.zenfs.com/en/thestreet_881/53d408630521456580de1ef8a3adf4f6.jpg"", ""width"": 170, ""height"": 128, ""tag"": ""170x128""}]}, ""provider"": {""displayName"": ""TheStreet"", ""url"": ""https://www.thestreet.com/"", ""sourceId"": ""thestreet_881""}, ""canonicalUrl"": {""url"": ""https://www.thestreet.com/investing/bofa-says-nvidia-500-billion-plan-eases-financing-risk"", ""site"": ""finance"", ""region"": ""US"", ""lang"": ""en-US""}, ""clickThroughUrl"": {""url"": ""https://finance.yahoo.com/markets/stocks/articles/bofa-sends-strong-message-nvidias-030700439.html"", ""site"": ""finance"", ""region"": ""US"", ""lang"": ""en-US""}, ""metadata"": {""editorsPick"": false}, ""finance"": {""premiumFinance"": {""isPremiumNews"": false, ""isPremiumFreeNews"": false}}, ""storyline"": null}}"
Nvidia's $500 Billion Financing Plan Is 20 Times What the Telecom Bubble Ran On,The last hardware buildout financed by the vendors themselves ended with up to 80% of the loans written off. This one runs on Wall Street's capital instead of the vendor's.,2026-08-12T03:01:00Z,https://www.fool.com/investing/2026/08/11/nvidias-500-billion-financing-plan-is-20-times-wha/,"{""id"": ""4392aabd-1c33-37b4-86a2-334ebe6f1f3a"", ""content"": {""id"": ""4392aabd-1c33-37b4-86a2-334ebe6f1f3a"", ""contentType"": ""STORY"", ""title"": ""Nvidia's $500 Billion Financing Plan Is 20 Times What the Telecom Bubble Ran On"", ""description"": """", ""summary"": ""The last hardware buildout financed by the vendors themselves ended with up to 80% of the loans written off. This one runs on Wall Street's capital instead of the vendor's."", ""pubDate"": ""2026-08-12T03:01:00Z"", ""displayTime"": ""2026-08-12T03:01:00Z"", ""isHosted"": true, ""bypassModal"": false, ""previewUrl"": null, ""thumbnail"": {""originalUrl"": ""https://media.zenfs.com/en/motleyfool.com/5d6a94e2c0bb969f95870b9fbfec53da.jpg"", ""originalWidth"": 1400, ""originalHeight"": 840, ""caption"": ""Nvidia data center with Nvidia installed unites."", ""resolutions"": [{""url"": ""https://s.yimg.com/uu/api/res/1.2/tD9nQhRe2j2ywREDVDC76Q--~B/aD04NDA7dz0xNDAwO2FwcGlkPXl0YWNoeW9u/https://media.zenfs.com/en/motleyfool.com/5d6a94e2c0bb969f95870b9fbfec53da.jpg"", ""width"": 1400, ""height"": 840, ""tag"": ""original""}, {""url"": ""https://s.yimg.com/uu/api/res/1.2/CiLmb5xkFy_a6tyMyG062A--~B/Zmk9c3RyaW07aD0xMjg7dz0xNzA7YXBwaWQ9eXRhY2h5b24-/https://media.zenfs.com/en/motleyfool.com/5d6a94e2c0bb969f95870b9fbfec53da.jpg"", ""width"": 170, ""height"": 128, ""tag"": ""170x128""}]}, ""provider"": {""displayName"": ""Motley Fool"", ""url"": ""http://www.fool.com/"", ""sourceId"": ""motleyfool.com""}, ""canonicalUrl"": {""url"": ""https://www.fool.com/investing/2026/08/11/nvidias-500-billion-financing-plan-is-20-times-wha/"", ""site"": ""finance"", ""region"": ""US"", ""lang"": ""en-US""}, ""clickThroughUrl"": {""url"": ""https://finance.yahoo.com/markets/stocks/articles/nvidias-500-billion-financing-plan-030100426.html"", ""site"": ""finance"", ""region"": ""US"", ""lang"": ""en-US""}, ""metadata"": {""editorsPick"": false}, ""finance"": {""premiumFinance"": {""isPremiumNews"": false, ""isPremiumFreeNews"": false}}, ""storyline"": null}}"
Boomers Are Getting Rich and Retiring Early. 1 No-Brainer Stock To Buy Now,This cruise line has already been a big winner in just two years on the stock market.,2026-08-12T02:52:18Z,https://www.fool.com/investing/2026/08/11/boomers-are-getting-rich-and-retiring-early-1-no-b/,"{""id"": ""8cf8cc25-4464-3ee6-9925-5878119284fa"", ""content"": {""id"": ""8cf8cc25-4464-3ee6-9925-5878119284fa"", ""contentType"": ""STORY"", ""title"": ""Boomers Are Getting Rich and Retiring Early. 1 No-Brainer Stock To Buy Now"", ""description"": """", ""summary"": ""This cruise line has already been a big winner in just two years on the stock market."", ""pubDate"": ""2026-08-12T02:52:18Z"", ""displayTime"": ""2026-08-12T02:52:18Z"", ""isHosted"": true, ""bypassModal"": false, ""previewUrl"": null, ""thumbnail"": {""originalUrl"": ""https://media.zenfs.com/en/motleyfool.com/9d74a7e166c203be9ff714c317f18548.jpg"", ""originalWidth"": 1280, ""originalHeight"": 854, ""caption"": ""A Viking river cruise longboat."", ""resolutions"": [{""url"": ""https://s.yimg.com/uu/api/res/1.2/9v.64TZid.Gd2JUcNv3xvQ--~B/aD04NTQ7dz0xMjgwO2FwcGlkPXl0YWNoeW9u/https://media.zenfs.com/en/motleyfool.com/9d74a7e166c203be9ff714c317f18548.jpg"", ""width"": 1280, ""height"": 854, ""tag"": ""original""}, {""url"": ""https://s.yimg.com/uu/api/res/1.2/QRv1kqz6zCxPPGFJzBV33w--~B/Zmk9c3RyaW07aD0xMjg7dz0xNzA7YXBwaWQ9eXRhY2h5b24-/https://media.zenfs.com/en/motleyfool.com/9d74a7e166c203be9ff714c317f18548.jpg"", ""width"": 170, ""height"": 128, ""tag"": ""170x128""}]}, ""provider"": {""displayName"": ""Motley Fool"", ""url"": ""http://www.fool.com/"", ""sourceId"": ""motleyfool.com""}, ""canonicalUrl"": {""url"": ""https://www.fool.com/investing/2026/08/11/boomers-are-getting-rich-and-retiring-early-1-no-b/"", ""site"": ""finance"", ""region"": ""US"", ""lang"": ""en-US""}, ""clickThroughUrl"": {""url"": ""https://finance.yahoo.com/markets/stocks/articles/boomers-getting-rich-retiring-early-025218642.html"", ""site"": ""finance"", ""region"": ""US"", ""lang"": ""en-US""}, ""metadata"": {""editorsPick"": false}, ""finance"": {""premiumFinance"": {""isPremiumNews"": false, ""isPremiumFreeNews"": false}}, ""storyline"": null}}"
Want to Read the Market Like Cramer? Ask These 3 Questions,"Jim Cramer outlined 3 questions on bonds, oil, and Nvidia show investors how to read the market right now.",2026-08-12T02:25:00Z,https://beincrypto.com/cramer-3-questions-read-market/,"{""id"": ""aec55396-ddbf-3f0e-8cd4-aa59ff95720b"", ""content"": {""id"": ""aec55396-ddbf-3f0e-8cd4-aa59ff95720b"", ""contentType"": ""STORY"", ""title"": ""Want to Read the Market Like Cramer? Ask These 3 Questions"", ""description"": """", ""summary"": ""Jim Cramer outlined 3 questions on bonds, oil, and Nvidia show investors how to read the market right now."", ""pubDate"": ""2026-08-12T02:25:00Z"", ""displayTime"": ""2026-08-12T02:25:00Z"", ""isHosted"": true, ""bypassModal"": false, ""previewUrl"": null, ""thumbnail"": {""originalUrl"": ""https://media.zenfs.com/en/beincrypto_us_662/042f2d67c0b128b27b2bb45eeea1dcfb.jpg"", ""originalWidth"": 2368, ""originalHeight"": 1332, ""caption"": """", ""resolutions"": [{""url"": ""https://s.yimg.com/uu/api/res/1.2/YqVky9mqVyo96pes8Dglgg--~B/aD0xMzMyO3c9MjM2ODthcHBpZD15dGFjaHlvbg--/https://media.zenfs.com/en/beincrypto_us_662/042f2d67c0b128b27b2bb45eeea1dcfb.jpg"", ""width"": 2368, ""height"": 1332, ""tag"": ""original""}, {""url"": ""https://s.yimg.com/uu/api/res/1.2/qpo___ZKJHx3j0zeu55aeg--~B/Zmk9c3RyaW07aD0xMjg7dz0xNzA7YXBwaWQ9eXRhY2h5b24-/https://media.zenfs.com/en/beincrypto_us_662/042f2d67c0b128b27b2bb45eeea1dcfb.jpg"", ""width"": 170, ""height"": 128, ""tag"": ""170x128""}]}, ""provider"": {""displayName"": ""BeInCrypto"", ""url"": ""https://beincrypto.com/"", ""sourceId"": ""beincrypto_us_662""}, ""canonicalUrl"": {""url"": ""https://beincrypto.com/cramer-3-questions-read-market/"", ""site"": ""finance"", ""region"": ""US"", ""lang"": ""en-US""}, ""clickThroughUrl"": {""url"": ""https://finance.yahoo.com/markets/stocks/articles/want-read-market-cramer-ask-022500843.html"", ""site"": ""finance"", ""region"": ""US"", ""lang"": ""en-US""}, ""metadata"": {""editorsPick"": false}, ""finance"": {""premiumFinance"": {""isPremiumNews"": false, ""isPremiumFreeNews"": false}}, ""storyline"": null}}"
